insert into author(author_id, first_name, second_name, birth_city, birth_country, birth_date, author_descr, nationality) values
(8272, 'Otha', 'Flatley', 'Rigobertoberg', 'Kyrgyz Republic', '1982-07-18', 'Dolorem eos dicta explicabo aut animi. Alias sit sit. Accusantium quisquam omnis repudiandae aut maiores numquam aperiam. Natus ut est explicabo architecto iure.', 'Albanian'),
(9679, 'Myrtle', 'Kutch', 'South Jenaberg', 'Palau', '1981-04-03', 'Ab velit voluptatum aliquam explicabo consequatur est. Magni officiis sed similique. Asperiores aliquam autem et. Voluptatem cupiditate aut molestiae aperiam nesciunt non.', 'Welsh'),
(4834, 'Hollis', 'Welch', 'Alvinamouth', 'Niger', '1955-06-16', 'Sint sapiente reprehenderit ex praesentium qui voluptatem. Laborum nisi sit aut dolorem esse omnis dolores. Quisquam ut quas veniam.', 'Colombian'),
(1877, 'Ashly', 'Walsh', 'New Harley', 'French Guiana', '1985-05-10', 'Provident occaecati ab et porro quos repellendus. Quia cumque cumque nulla omnis est omnis maiores. Commodi soluta corrupti tenetur et est. Tenetur quis illo est. Amet enim incidunt omnis illum accusamus.', 'Indian'),
(1689, 'Annabel', 'Langworth', 'Mortonville', 'Lithuania', '1923-10-22', 'Est voluptas rerum est ab. Quo dolor esse. Commodi corrupti qui.', 'Mexican'),
(1286, 'Lizzie', 'Jakubowski', 'North Carmelchester', 'Marshall Islands', '1969-04-14', 'Nisi vero aliquid qui quis ut. Eligendi odio quos est impedit. Quis occaecati tenetur pariatur rerum. Error corrupti tempora quasi nemo saepe. Distinctio provident aut vitae itaque sequi quos.', 'Malaysian'),
(1705, 'Maida', 'Goodwin', 'Trentonton', 'Suriname', '1972-08-24', 'Commodi praesentium rerum. Esse repudiandae cum molestias incidunt magnam voluptatem nihil. Nesciunt culpa ut.', 'American'),
(861, 'Tessie', 'O''Kon', 'Port Abelmouth', 'Zimbabwe', '1979-03-26', 'Ipsum voluptas ut eos neque. Architecto autem unde voluptatem consectetur. Dicta officia necessitatibus.', 'Malaysian'),
(3784, 'Dariana', 'Gerhold', 'Lake Rahultown', 'Netherlands Antilles', '1934-05-06', 'Sit odio molestiae. Autem provident ipsam architecto quo. Tempora voluptate qui expedita.', 'Nepalese'),
(5784, 'Fabiola', 'Steuber', 'Janisstad', 'Taiwan', '1945-09-26', 'Aut sit alias totam. Dolores repellat consequatur repudiandae ipsa. Quis repellendus nulla vel sunt itaque non quidem. Libero et aspernatur illum. Inventore ratione sed eum tempore numquam quos aliquid.', 'Icelander'),
(3284, 'Seth', 'Tillman', 'East Bryana', 'Singapore', '1947-06-14', 'Non dolorum atque neque vero. Tempora ea officiis. Sequi asperiores et eveniet tenetur. Eveniet non perspiciatis facere magnam architecto voluptatem est.', 'Swedish'),
(1343, 'Hellen', 'Braun', 'Julienview', 'Macedonia', '1987-03-12', 'Culpa accusantium animi hic. Ab nam nobis consequatur voluptas reprehenderit et. Veniam hic qui veritatis.', 'Scottish'),
(4519, 'Dolores', 'Nikolaus', 'Walshborough', 'Heard Island and McDonald Islands', '1944-08-25', 'Omnis asperiores et omnis necessitatibus. Sunt commodi voluptas adipisci veniam amet vitae dignissimos. Architecto est quis rerum ipsum quam voluptatum. Voluptatem culpa cumque.', 'Namibian'),
(4953, 'Norma', 'Friesen', 'Busterchester', 'Sri Lanka', '1955-04-26', 'Aliquid iure voluptatem voluptatem deserunt. Est non maxime porro delectus beatae eum. Voluptas repudiandae ut quod veniam adipisci. Cum totam eum rerum.', 'Slovakian'),
(4860, 'Rosemarie', 'Graham', 'Port Guillermo', 'Thailand', '1969-04-29', 'Quidem voluptates alias veritatis necessitatibus eligendi. Ut saepe quasi. Voluptas ut soluta quia occaecati voluptate vero et. Sint ea mollitia ex enim.', 'Luxembourger'),
(1179, 'Maya', 'Lesch', 'Jaymeland', 'Greece', '1984-01-12', 'Omnis a eum quam. Perspiciatis dolor repellat odit expedita qui illum. Fugiat cupiditate officia vero quia temporibus harum nobis.', 'Peruvian'),
(368, 'Marjory', 'Grant', 'McKenzieshire', 'Albania', '1923-07-29', 'Ut numquam consectetur veritatis sit quae magnam laboriosam. Vero dolorem ipsam vitae dolorem. Explicabo quis dolor aut neque ut qui esse. Ipsa ut dolorem porro inventore impedit. Exercitationem nemo commodi quisquam corrupti quia vero aut.', 'Maldivan'),
(5175, 'Audreanne', 'Feil', 'Lake Rowena', 'Kuwait', '1984-04-28', 'Est officia qui ut. Amet autem officia ut sunt modi et voluptas. Aliquid sit eos occaecati aut accusantium eveniet.', 'Belgian'),
(75, 'Deja', 'Klocko', 'Port Birdie', 'Norfolk Island', '1965-11-16', 'Porro laudantium maiores aspernatur doloremque nobis et possimus. Minus dignissimos dolor dicta consequuntur aut. Accusamus esse et deserunt ad debitis excepturi. Dolore numquam libero rerum sapiente labore.', 'Cambodian'),
(9331, 'Pedro', 'Anderson', 'South Bulah', 'Canada', '1973-03-13', 'Officiis eius illo debitis. Tempora nostrum facilis in ullam rerum aliquam libero. Ea eveniet aut voluptatem qui quod et alias. Libero sit ipsa autem qui perspiciatis id cum.', 'Malaysian'),
(5280, 'Lucious', 'Bartell', 'Lake Jodie', 'Chile', '1988-03-30', 'Totam et aut odio quaerat reprehenderit ea. Animi reiciendis temporibus. Animi expedita hic molestiae nulla.', 'Moldovan'),
(3023, 'Lacy', 'Legros', 'Port Aliatown', 'Mexico', '1997-03-09', 'Sunt cupiditate vel tempore neque. Sit itaque qui dolorem et ex enim quis. Consectetur amet consequatur debitis iusto autem excepturi fugit.', 'Luxembourger'),
(9805, 'Maureen', 'Ritchie', 'Garrettview', 'Bahrain', '1928-04-17', 'Eaque nam et atque dolor delectus. Corporis et repellat in beatae voluptatem rerum. Rem iusto ipsam recusandae.', 'American'),
(7457, 'Albina', 'Terry', 'West Serenity', 'Morocco', '1930-10-24', 'Sed dolorem et fuga placeat. Tempora et dolore delectus quisquam. Voluptatibus quo est tempora quis rem qui.', 'Egyptian'),
(979, 'Jerad', 'Sporer', 'Gianniland', 'Mozambique', '1927-02-10', 'Vitae animi quas est ut consequuntur vel. Eum ad sit. Fuga sint minus quo autem natus et id. Occaecati numquam aspernatur sit reprehenderit necessitatibus facere. Voluptatem ullam amet quos aliquam quidem inventore sit.', 'Peruvian'),
(2416, 'Lilla', 'Zboncak', 'Dameonshire', 'Slovakia (Slovak Republic)', '1968-05-17', 'Culpa ut rerum ut officia. Cupiditate sunt similique. Aut quia nihil sed molestiae est autem. Iste odio provident.', 'Bulgarian'),
(4954, 'Kian', 'Keebler', 'Elnaland', 'Saint Vincent and the Grenadines', '1992-04-17', 'Ratione quas facere enim et incidunt quo. Ut atque ut. Ut quis excepturi fuga nostrum in ipsum. Suscipit et sed beatae omnis. Nam et non.', 'Austrian'),
(8825, 'Sienna', 'Fisher', 'Port Kayceemouth', 'Nigeria', '1924-01-05', 'Omnis sit saepe. Qui omnis autem. Sunt natus earum id enim velit quasi nisi. Eius minus qui. Ut excepturi deserunt debitis id ipsa quas inventore.', 'Cuban'),
(1072, 'Frankie', 'Jast', 'Ferrymouth', 'British Indian Ocean Territory (Chagos Archipelago)', '1938-10-16', 'Animi blanditiis non ipsam corporis. Est minima qui illum dolor occaecati hic. Perspiciatis aut deserunt corporis pariatur est. Non cupiditate consectetur sint optio autem.', 'Polish'),
(5525, 'Jalyn', 'Barton', 'Lindgrenview', 'Cocos (Keeling) Islands', '1958-04-29', 'Aut aut qui natus dicta nobis voluptatem hic. Modi dolorum sunt. Culpa architecto architecto dolorum ullam. Nihil eum dignissimos blanditiis laborum provident. Ut id quae tenetur consequatur nobis aut.', 'Romanian'),
(4504, 'Jerod', 'Cummings', 'North Joshuahfort', 'Afghanistan', '1959-07-08', 'Inventore sint animi ea aut. Repellat qui asperiores incidunt consectetur et aliquam quam. Qui ipsa quia omnis omnis omnis minima aspernatur. Et odio eligendi sint et omnis ut fugit.', 'Romanian'),
(3756, 'Sherman', 'Hermiston', 'Kautzerville', 'Congo', '1942-01-25', 'Dicta inventore saepe consectetur aliquam culpa. Et aperiam cumque molestiae et ut nobis. Nobis corrupti dolore. Perspiciatis laboriosam officia rem quo non perferendis. Impedit voluptatum esse porro aut autem nihil omnis.', 'German'),
(9561, 'Noble', 'Mosciski', 'Mosciskiville', 'United States Minor Outlying Islands', '1936-03-07', 'Sed reprehenderit labore aut inventore a inventore. Veniam architecto ex dolorem voluptatem assumenda maxime. Velit quia aut eligendi. Impedit harum rerum eveniet saepe laudantium dolor ea.', 'Namibian'),
(8414, 'Ebba', 'Reichert', 'Elijahland', 'Monaco', '1993-04-24', 'Ex eaque dolor. Vel modi molestias esse aut nisi qui incidunt. Quae molestiae velit quos. Perferendis et aut.', 'Syrian'),
(9154, 'Sven', 'Spinka', 'Schoenmouth', 'Bosnia and Herzegovina', '1965-01-12', 'In perferendis quibusdam et reiciendis soluta a voluptas. Vel odio repudiandae sint odio. Saepe ipsa quibusdam aut perspiciatis inventore tenetur.', 'Austrian'),
(6579, 'Delphine', 'Konopelski', 'Port Victoria', 'Mayotte', '1940-11-30', 'Incidunt ratione ipsa labore quo sint. Soluta illo inventore et sit labore. Qui illum voluptas quidem. Et ut minima est nihil. Dolor quidem est est nisi aut.', 'Mongolian'),
(8457, 'Diamond', 'Boyer', 'Joanaborough', 'Chad', '1966-09-16', 'Rem mollitia harum corrupti. Eum quod quam iure odit. Numquam nisi et consequatur iusto perferendis. Ullam nostrum molestiae minus non sit id error. Voluptatem est facere et autem suscipit.', 'German'),
(5752, 'Dasia', 'Gleichner', 'Bernadinefort', 'Kiribati', '1958-04-27', 'Neque perferendis sunt. Consequuntur perspiciatis deleniti laborum. Labore nemo neque maiores. Sapiente quaerat omnis sunt iste et praesentium consectetur. Quidem in aut perspiciatis optio soluta molestiae similique.', 'Albanian'),
(3549, 'Kaelyn', 'Huel', 'Armandoview', 'Ghana', '1924-09-20', 'Recusandae aut iste. Porro aut expedita doloribus porro dolores. Tempora sit inventore dolor porro.', 'Peruvian'),
(5543, 'Fermin', 'Hilpert', 'South Reilly', 'Paraguay', '1998-12-03', 'Eum voluptatem repudiandae dolorem nulla repellendus. Molestiae aut necessitatibus. Consequatur aliquam culpa. Aliquam ducimus id. Dolorem reprehenderit esse dicta.', 'Scottish'),
(6539, 'Easton', 'Labadie', 'Judgemouth', 'Ghana', '1976-12-24', 'Et magnam eos quam dolor et perferendis. Ut fugit neque iusto quia maiores sit. Omnis eum minima temporibus numquam.', 'Turkish'),
(5312, 'Elinore', 'Heathcote', 'Okeymouth', 'Benin', '1939-11-11', 'Consequatur et enim est id doloremque saepe. Et velit eius eveniet. Ea hic sed. Corrupti ut neque.', 'Slovakian'),
(963, 'Elouise', 'Bauch', 'Hermannview', 'Sri Lanka', '1993-02-25', 'Id id autem corrupti nulla rerum autem voluptatem. Aut dolorem modi aliquid ipsam. Voluptates distinctio voluptatem est dicta aut. Tempore dignissimos corrupti iste recusandae eveniet cum.', 'Spanish'),
(6640, 'Uriah', 'Jacobs', 'North Domingo', 'Netherlands Antilles', '1947-06-23', 'Cumque nulla sit harum laborum cumque. Est modi ut. Earum nulla quisquam explicabo. Dolorem ipsam adipisci. Dolore dignissimos in dolorem necessitatibus animi labore.', 'Nepalese'),
(3628, 'Amiya', 'Grant', 'Murphymouth', 'Bangladesh', '1976-01-03', 'Animi quia veritatis natus natus sit. Adipisci et facere est ea neque magni animi. Consequuntur quod quis saepe.', 'Welsh'),
(1258, 'Jeffry', 'Medhurst', 'South Sallie', 'Vietnam', '1944-01-01', 'Veniam ea odit molestiae at. Vel magnam odio magni ut perspiciatis aspernatur aliquid. Qui consequatur repudiandae nemo eum. Nesciunt praesentium modi quia atque maiores deserunt.', 'Irish'),
(6205, 'Pierce', 'Schaefer', 'Coyburgh', 'Vanuatu', '1988-04-04', 'Ut dolorem qui incidunt architecto quidem tenetur. Autem vero consequatur. Dolorum expedita quos ut natus. Fugit suscipit et harum natus laboriosam aut.', 'Polish'),
(5719, 'Isobel', 'Gerhold', 'New Adrielmouth', 'French Southern Territories', '1963-12-04', 'Quae vel atque. Nisi nam quo aut aliquid at. Nulla iure vitae rerum est temporibus praesentium aliquam. Quia et odio beatae officia qui et. Doloremque corrupti minus et cumque.', 'Bahamian'),
(8053, 'Rhett', 'Robel', 'Bradtkechester', 'El Salvador', '1934-04-29', 'Ea eveniet nulla et excepturi dolore. Alias et pariatur excepturi molestias totam. Consectetur quia ipsam.', 'Bulgarian'),
(693, 'Marshall', 'Baumbach', 'Hilllstad', 'Cocos (Keeling) Islands', '1941-06-05', 'Vitae voluptate aut recusandae ut quam. Eveniet inventore sed non laborum harum impedit consequuntur. Labore sit ducimus praesentium. Sunt voluptatem eum labore iusto qui ipsa qui. Tempore illo qui perferendis ullam soluta nisi.', 'Cambodian');

insert into genre(genre_id, genre_name, genre_descr) values
(5207, 'Folklore', 'Aut sit quaerat. Nobis voluptatem cupiditate ut autem dolor. Unde atque optio ea tenetur iste ullam.'),
(5519, 'Biography/Autobiography', 'Similique illum incidunt aut consequatur. Cum dicta suscipit deserunt et. Ipsa et qui harum. Optio voluptatem molestiae laboriosam.'),
(6276, 'Suspense/Thriller', 'Id ea voluptatibus culpa veritatis eos soluta. Quasi ullam sed et temporibus. Fugit a natus tempora quibusdam.'),
(5755, 'Fiction narrative', 'Itaque est et eos. Voluptatem nihil nulla beatae necessitatibus vel sint. Non ipsam in.'),
(1497, 'Classic', 'Id quos commodi beatae est eos sit nobis. Commodi officia eum nesciunt quia et dolor. Quo et dignissimos omnis aliquid fuga dignissimos.'),
(2968, 'Fantasy', 'Recusandae tenetur perspiciatis. Quidem nihil amet corrupti corrupti illo minima in. Hic et neque. Nesciunt qui consequuntur non aut consequatur.'),
(1933, 'Fairy tale', 'Fuga ut amet maiores vel earum earum. Cumque ratione voluptatem earum non tempora iure qui. Voluptatum dolore dolorem similique sapiente reiciendis possimus.'),
(1989, 'Horror', 'Vitae velit in eaque in quia. Voluptate voluptatum eligendi tenetur est. Inventore eum quia distinctio.'),
(2150, 'Metafiction', 'Qui a mollitia occaecati dolorem commodi. Quo pariatur nobis ut laborum dolores asperiores quibusdam. In sit eos deserunt. Sit cupiditate cupiditate assumenda consequatur. Dolores eos officia placeat neque numquam.'),
(4889, 'Crime/Detective', 'Ullam illo eum nesciunt vel. Distinctio dolorem et dolor. Dolores sit veritatis autem explicabo numquam sunt. Dolore ab aliquam. Accusamus laboriosam magnam unde est.'),
(3438, 'Fanfiction', 'Perspiciatis quae velit minima excepturi at. Aspernatur qui nostrum libero quae fugit et ipsa. Dolores dignissimos iste sed et adipisci.'),
(7226, 'Reference book', 'Repudiandae consequatur ducimus sed sapiente aliquid quas labore. Modi omnis magni eos omnis hic. Omnis reiciendis facilis velit ea dolor quo. Modi minima consectetur dolore. Ratione sint odio.'),
(9403, 'Essay', 'Vel at omnis voluptas. Quia et hic et officia ut provident. A sit illo voluptas quam nihil.'),
(6986, 'Western', 'Harum sapiente ullam est error a fugit. Dolorem et voluptas modi. Maxime tenetur minus necessitatibus atque veritatis velit. Ipsum dolorum maiores et suscipit. Atque cum illum omnis aliquam et officiis.'),
(1334, 'Mythopoeia', 'Non a beatae ut ut labore autem. Sunt consectetur quod necessitatibus. Nostrum dolor repudiandae sed quam. Distinctio quis molestiae voluptatibus.');

insert into book (book_id, book_name, book_language, book_descr, book_height, book_length, book_width, page_count, publication_year, author_id, genre_id) values
(8927, 'Quisquam blanditiis quis consequatur', 'armenian', 'Ducimus quis in fuga et sit. Aut nesciunt officiis. Ea eius voluptatem in odio. Natus aperiam tempora aliquid. Consequuntur excepturi eos fugit et sit.', 7.6, 1.4, 9.5, 178, 1977, 8457, 1989),
(7794, 'Dolorem quia suscipit ea', 'polish', 'Optio beatae fugiat molestiae autem mollitia labore laudantium. Libero suscipit ipsam. Sit aut dolores et. Et nihil iusto in est hic animi consequatur. Occaecati labore voluptas sequi ut et ea.', 19.1, 4.9, 6.3, 683, 1993, 6539, 1334),
(7441, 'Maiores sit et minima', 'farsi', 'Culpa sit ex mollitia. Eum est nihil. Omnis deleniti minus similique et sapiente earum. Nulla maxime deleniti quaerat eligendi voluptatem mollitia cumque. Error minima nam reiciendis accusamus totam impedit eos.', 20.7, 1.3, 9.7, 360, 1999, 1343, 2968),
(7381, 'Est aliquid laboriosam', 'french', 'Quidem distinctio labore velit assumenda. Dolorum quis est aut et consequuntur vero ipsa. Ipsum minima consequatur deleniti. Ratione sit quod eveniet quia quos exercitationem.', 25.0, 1.0, 31.9, 142, 1987, 9154, 6986),
(2958, 'Qui quibusdam accusantium', 'german', 'Adipisci ab tempora vel quia. Asperiores possimus rerum ut. Modi autem illum odio neque neque libero incidunt.', 11.7, 4.8, 14.1, 163, 1973, 1689, 1989),
(9420, 'Deleniti harum ducimus', 'arabic', 'Placeat et doloremque quasi. Neque nihil iure dignissimos reprehenderit dolorum. Autem ea repellat explicabo non laudantium.', 24.7, 3.9, 30.5, 817, 1986, 1343, 6276),
(8798, 'Illo odit id', 'urdu', 'Qui eaque voluptatem dolorem harum laborum maxime. Repudiandae aperiam sed sunt placeat. Explicabo asperiores eveniet et aliquid.', 15.5, 2.2, 9.4, 708, 1986, 979, 5207),
(2220, 'Possimus temporibus officiis', 'belorussian', 'Cum reiciendis minus quae suscipit et. Labore vero molestiae. Quis est tempora minima fugit nobis id.', 31.6, 2.0, 8.8, 189, 1981, 7457, 1497),
(3756, 'Numquam quia voluptas eos', 'english', 'Numquam nesciunt omnis. Aut voluptates amet quia ab. Beatae enim at amet autem qui enim.', 12.3, 2.9, 23.2, 794, 2012, 5525, 6986),
(5824, 'Nostrum quam dignissimos', 'french', 'Dolorem et veniam similique. Voluptatum rerum sit dolorum eum fugit vel. Est qui autem ullam ea minima. Neque repellat nulla ut ullam quia.', 15.4, 2.4, 32.4, 256, 1979, 1258, 1989),
(8550, 'Rem aut placeat', 'arabic', 'Ea veniam sint omnis quis qui quos. Nam libero tempora. Corporis voluptatem sequi eum atque quis laboriosam. Consequatur voluptatibus cum. Corrupti vero iure et autem.', 33.0, 3.3, 9.3, 95, 2010, 5543, 1334),
(597, 'Accusantium rerum autem', 'german', 'Dolores ut quaerat voluptatibus. Enim nisi consectetur. Quod tempora et. Nostrum et eius quibusdam asperiores sequi sed et. Nemo minima porro rerum.', 7.3, 2.8, 28.8, 813, 2001, 4834, 1989),
(6417, 'Id explicabo voluptas', 'urdu', 'Exercitationem deserunt sint. Maiores est eius aut quod. Quo non eos non omnis sunt ut qui. Dolorum ut qui repudiandae quaerat.', 27.2, 2.9, 17.0, 709, 1996, 1877, 3438),
(1024, 'Incidunt voluptatibus sint rerum', 'polish', 'Culpa aspernatur et suscipit omnis. Sint quia maxime veniam tenetur. Debitis ut earum voluptas ipsum vel veniam non. Laborum ut ut deleniti voluptatem non dicta eaque.', 9.8, 4.0, 15.8, 506, 2011, 979, 7226),
(6723, 'Quia laboriosam aut ex', 'urdu', 'Quia quisquam pariatur. Ducimus delectus quas atque numquam sunt perspiciatis voluptates. Dolores odio rerum quaerat culpa. Reprehenderit aliquam aliquam. Nam fugit quasi asperiores illo libero.', 9.9, 3.9, 23.8, 977, 2016, 8272, 2968),
(1629, 'Qui ratione vel', 'farsi', 'Non sit voluptatem praesentium eos quasi et nesciunt. Aut sunt voluptatibus. Nemo eius quia.', 12.4, 2.4, 24.4, 762, 1991, 4519, 9403),
(7412, 'Tempora nihil aliquid', 'german', 'Et in velit sunt nulla provident. Architecto dolorum dolor. Quos et porro dolores consequatur ut.', 11.0, 1.4, 32.3, 655, 1974, 5784, 7226),
(6526, 'Deleniti non aperiam', 'polish', 'Est excepturi eveniet. Laborum et et earum. Autem expedita est optio ipsam ipsa sit. Saepe iure magnam quam aliquid unde.', 10.9, 2.6, 16.5, 642, 1989, 979, 7226),
(735, 'Est ad explicabo cum', 'ukrainian', 'Qui tempore molestiae ad. Sit odit laborum et qui suscipit recusandae reprehenderit. Architecto doloremque repellendus voluptatum labore explicabo hic debitis. Quam maxime cum beatae facere.', 12.0, 3.9, 9.3, 900, 1978, 1286, 2968),
(5913, 'Quos maiores omnis esse', 'polish', 'Dolor ut est blanditiis sit unde debitis consequatur. Nemo incidunt voluptas rerum ratione. Sit perferendis eum quia qui atque.', 27.1, 4.5, 12.9, 244, 2007, 861, 5519),
(9896, 'A eligendi eius iusto', 'spanish', 'Est deleniti enim esse expedita veniam est. Ad debitis perferendis possimus debitis omnis. Enim consequatur voluptate. Unde ut ullam enim libero dolor fuga illum.', 21.4, 1.5, 15.4, 455, 2000, 75, 7226),
(4872, 'Molestiae dolorem quaerat', 'portuguese', 'Cum magnam dolores. Qui architecto tempore omnis aut nemo in sequi. Cupiditate ex dolor est voluptatem. Ab distinctio sit veniam officiis. Veritatis vitae iste magnam ab modi eum excepturi.', 13.2, 3.4, 11.4, 744, 1970, 3549, 7226),
(356, 'Tempora ut optio omnis', 'french', 'Quasi aspernatur perspiciatis alias omnis ipsa dolorem. Corrupti temporibus facere aut pariatur ad ea non. Molestiae qui exercitationem possimus consequatur voluptas beatae. Consequatur quidem occaecati quasi recusandae omnis. Dolorum quibusdam eius rerum consequatur nobis voluptas omnis.', 23.1, 4.3, 28.6, 132, 2012, 1705, 6986),
(6910, 'Ut eum doloribus dolores', 'english', 'Odit molestiae labore. Dolore architecto molestiae aut iusto doloribus voluptatem. Non culpa quam totam laborum sit.', 24.1, 4.2, 24.3, 628, 2009, 3628, 4889),
(4161, 'Aspernatur voluptatem ut', 'spanish', 'Ullam ullam culpa ea itaque facilis rerum qui. Nulla earum omnis quia veritatis. Excepturi provident et qui officia sed nesciunt.', 5.3, 2.5, 8.3, 742, 2009, 4504, 1989),
(6552, 'Est ut reprehenderit est', 'german', 'Aut cupiditate at quia animi earum. Doloribus quidem optio. Reprehenderit id in cum omnis. Odio voluptas eaque laudantium aliquid commodi. Sit suscipit itaque ratione vitae magnam omnis et.', 24.7, 4.5, 10.9, 578, 1974, 8272, 3438),
(2825, 'Autem odio est autem', 'urdu', 'Quaerat autem qui rem aperiam quia. Neque dignissimos aut quasi ex. Ut voluptatum explicabo enim ratione reiciendis corrupti. Odit natus numquam sapiente repudiandae rerum consequatur velit. Voluptatem et aut qui hic asperiores modi.', 15.9, 4.7, 20.3, 625, 1986, 3284, 1334),
(6062, 'Non inventore in exercitationem', 'spanish', 'Maxime in dignissimos. Velit rem necessitatibus veniam est quaerat ut. Harum doloremque iure dolores. Est qui qui et placeat sit placeat est.', 25.2, 3.6, 23.6, 703, 1979, 2416, 2150),
(9212, 'Dolor incidunt soluta', 'ukrainian', 'Est aut labore excepturi. Quam nostrum consequatur qui totam harum neque. Et est fugit cumque.', 34.0, 2.3, 24.8, 928, 1995, 4953, 5755),
(7371, 'Ea mollitia itaque nihil', 'ukrainian', 'Animi dolores dolor quam dolorum eos. Officiis possimus dolorem repellendus blanditiis ut. Ratione consequuntur et et aliquam est et reprehenderit.', 25.7, 2.4, 9.1, 90, 1973, 75, 6986),
(3916, 'Aspernatur praesentium consequatur', 'ukrainian', 'Rem maiores sint et aliquid eveniet nesciunt. Temporibus assumenda quia sed totam. Optio dolorem harum. Minima quasi cumque nisi similique voluptatem eos.', 24.7, 1.8, 30.5, 775, 2011, 5280, 9403),
(7938, 'Optio maiores esse dignissimos', 'french', 'Iure voluptatem amet quibusdam sapiente tempore neque omnis. Et voluptas deleniti molestias. Iste dolorem enim quia eligendi quibusdam accusantium qui. Quos unde soluta rerum earum ut.', 24.6, 4.4, 12.0, 623, 1991, 4519, 5207),
(8182, 'Ipsam in aut', 'belorussian', 'Et atque eveniet qui quia voluptate. Consequuntur sint cumque nesciunt et eos. Et similique in iste eligendi. Accusantium perferendis nemo quae dicta fugit iure.', 5.4, 2.7, 11.7, 292, 1985, 3784, 5207),
(5090, 'Voluptas quod eaque nemo', 'chinese', 'Voluptatem soluta ut. Ea animi voluptas iusto. A nemo aut magni. Hic nobis sint perspiciatis animi quisquam.', 32.0, 2.8, 6.1, 563, 2006, 2416, 5519),
(6770, 'Voluptatem et praesentium eligendi', 'french', 'Nesciunt quam perferendis praesentium. Et alias enim tenetur. Fugiat autem beatae adipisci qui temporibus. Voluptas suscipit ipsum maxime. Reprehenderit alias et ratione sint.', 6.7, 4.6, 10.1, 909, 2016, 9679, 1989),
(7749, 'Deleniti laudantium veritatis', 'arabic', 'Et ipsam ab dicta et velit facilis et. Architecto suscipit quos odio. Accusantium aperiam in.', 19.4, 4.8, 7.4, 903, 1977, 6579, 6986),
(95, 'Dolor saepe blanditiis', 'polish', 'Quisquam animi veniam aut officia consectetur deleniti pariatur. Occaecati quas a et sequi cupiditate nam ea. Eligendi nulla ullam. Cupiditate sit recusandae. Suscipit impedit quia.', 23.8, 4.9, 11.4, 716, 1977, 3023, 9403),
(8466, 'Maiores molestiae beatae', 'croatian', 'Voluptas omnis vero aut reiciendis quia qui. Sed fuga officia vel quidem. Qui perspiciatis eum iusto rerum consequatur. Officia eligendi aliquam harum. Officiis hic molestiae dignissimos qui modi consectetur.', 16.6, 3.5, 10.8, 24, 1972, 1286, 2968),
(3947, 'Aperiam iure sit', 'ukrainian', 'Sapiente et vel eius consequatur ut qui. Nesciunt labore doloremque et. Qui assumenda voluptates.', 17.4, 3.9, 5.1, 226, 2017, 5525, 1989),
(1460, 'Voluptatem reprehenderit repellendus', 'portuguese', 'Eius deserunt est ipsum voluptas ipsa vel. Recusandae veniam id ad nesciunt deserunt. Et quidem animi. Facilis mollitia nemo ipsam. Aperiam eius non quia quis.', 21.4, 2.2, 33.4, 655, 1987, 4834, 1334),
(1762, 'Accusantium tenetur qui maxime', 'ukrainian', 'Et libero culpa aliquid. Est quaerat omnis vel. Inventore earum tenetur id consequatur impedit. Impedit repellendus omnis et ea.', 6.8, 1.8, 22.0, 978, 1976, 5525, 1989),
(7564, 'Id praesentium impedit', 'portuguese', 'Quis dolorem id eos. Non quo qui vero officia. Odit ab occaecati distinctio doloremque. Harum et optio a.', 31.9, 3.4, 21.2, 540, 2015, 5280, 6986),
(550, 'Exercitationem rerum dignissimos qui', 'ukrainian', 'Et iusto facere eaque qui. Cumque dolores aliquid aspernatur. Aut voluptate non est qui qui eius sunt.', 30.0, 4.4, 28.3, 75, 1982, 8053, 6276),
(4795, 'Voluptate quibusdam non', 'belorussian', 'Qui sit modi cupiditate quisquam ducimus quod aspernatur. Aut consequatur tempore consequatur voluptas. Voluptatem cum rem velit numquam. Omnis omnis tempora vero molestiae quam quae.', 16.9, 1.3, 5.0, 839, 1983, 9679, 2150),
(5374, 'Numquam sed aspernatur quibusdam', 'urdu', 'Iste deleniti asperiores. Voluptatibus eius laudantium et sint atque. Dolores quos maxime aut praesentium. Voluptas sit non architecto repellendus. Ex ut eligendi minus et voluptas laboriosam.', 5.1, 4.9, 23.6, 814, 1999, 3023, 5519),
(4628, 'Ab fugiat quam', 'arabic', 'Ipsum aut fuga quia in vitae autem. Quis laudantium eum repellendus vel. Non iusto aut esse quibusdam id incidunt et. Ducimus labore consequuntur libero modi est quisquam similique. Pariatur voluptatibus ut dolores porro.', 10.3, 1.7, 10.9, 791, 1987, 979, 1497),
(3838, 'Ut soluta aliquid consectetur', 'german', 'Voluptatum vitae ut sed porro. Repellendus ad consequuntur ratione et. Eum delectus minima quia porro sit velit perspiciatis.', 25.5, 2.8, 31.5, 163, 1977, 6205, 5207),
(4926, 'Qui eum sit possimus', 'german', 'Aut officiis et blanditiis praesentium. Quaerat excepturi optio debitis sed impedit corrupti. Perferendis iure nostrum.', 21.9, 2.8, 8.7, 690, 2016, 8053, 1497),
(8100, 'Dolor voluptas laboriosam', 'russian', 'Hic dolorum facere qui quisquam maiores sit ut. Aliquid omnis nihil debitis consequatur aut ea. Vel ut ut cumque quam atque temporibus. Aliquid et est itaque maiores. Sunt officia molestiae iure.', 15.0, 1.3, 15.7, 214, 1994, 4860, 3438),
(3016, 'Ut debitis laudantium autem', 'french', 'Et debitis repellat aliquam. Quibusdam est quam qui eveniet eos perferendis. Quaerat voluptatem ea recusandae excepturi ut enim. Nobis nulla incidunt quae accusantium quisquam quo.', 33.0, 4.9, 32.9, 973, 1976, 9561, 2150),
(1825, 'Qui voluptatum voluptas', 'spanish', 'Omnis cupiditate nemo. Minima quo temporibus. Et impedit voluptatibus doloremque officia et deserunt delectus.', 8.3, 2.8, 26.4, 208, 1984, 1689, 1933),
(4971, 'Reprehenderit blanditiis voluptatem', 'croatian', 'Nemo repellendus reiciendis enim vero mollitia voluptas expedita. Quidem consequatur deleniti. Animi quaerat et optio nihil dolorem. Explicabo possimus nihil sed deserunt non occaecati.', 15.8, 1.1, 34.0, 372, 2018, 3784, 6276),
(1931, 'Eaque perferendis quis', 'ukrainian', 'Impedit consequuntur minus nihil possimus debitis. Culpa nulla mollitia. Quia ut voluptas aut quisquam quae. Consequatur fuga eaque voluptas. Sint explicabo tenetur.', 22.8, 4.4, 22.8, 747, 1991, 963, 3438),
(7348, 'Earum est consectetur', 'english', 'Eos officia mollitia molestias et. Nobis aut doloribus qui beatae veritatis. Non adipisci eveniet rerum ut quia. Et debitis cupiditate quisquam a dolorem.', 8.3, 4.7, 19.6, 73, 1993, 2416, 5519),
(9221, 'Non nesciunt impedit', 'spanish', 'Magnam explicabo nihil delectus laborum autem eligendi. Sit ducimus ipsum rerum. Aliquam illum fugit aspernatur in et.', 15.5, 3.3, 22.9, 266, 2007, 861, 6276),
(51, 'Omnis laudantium quis', 'croatian', 'Distinctio aut voluptas dolor repellendus. Debitis molestias inventore. Dolor quia doloribus neque harum minus. Facere perferendis quis in quo aut dolorum non.', 33.1, 4.1, 29.4, 217, 1974, 963, 4889),
(6509, 'Eos fugiat laboriosam', 'english', 'Qui aut corporis explicabo veritatis rerum. Assumenda quis debitis ea eveniet dolor et. Maiores nostrum id et dolorum.', 23.1, 3.0, 33.2, 55, 1972, 861, 1989),
(422, 'Et minima inventore animi', 'english', 'Iusto libero maxime. Labore ut magni. Aperiam aut nesciunt eos temporibus voluptas debitis nostrum. Sunt est eum illum minus vitae. Veniam vitae laboriosam ab.', 18.6, 2.6, 21.5, 566, 1973, 75, 1497),
(9685, 'Nobis amet rerum', 'german', 'Enim totam harum consequatur nihil tempora quia non. Ipsum consequatur velit dolor. Vero consectetur quam. Debitis id eum rerum voluptatem expedita. Eos error accusantium iusto sed.', 5.5, 4.0, 14.5, 947, 1996, 1258, 1334),
(8886, 'Iusto est nam', 'portuguese', 'Ut minus voluptas omnis dicta mollitia nihil. Qui error molestiae rerum reiciendis occaecati. Ipsum nisi omnis repellat amet sint dolores. Sunt repudiandae molestias ut odit asperiores recusandae doloribus.', 17.2, 4.8, 15.8, 110, 2014, 8825, 5519),
(4947, 'Pariatur deserunt repellendus', 'urdu', 'Iusto praesentium sunt non recusandae quisquam doloribus nobis. Velit aut fuga eum consequatur est quis veniam. Sint commodi ullam cumque quod eveniet. Maiores sunt voluptatum cupiditate. Nihil autem et consequuntur sed voluptatibus aperiam voluptas.', 16.3, 1.2, 25.2, 719, 1996, 1343, 1933),
(8189, 'Odit praesentium alias non', 'croatian', 'Qui aliquam facere ipsum aperiam modi. Voluptas quaerat ullam occaecati rerum rerum corporis. Totam consectetur sit quidem. Maxime in odit. Et aut ut ut iste.', 26.0, 4.4, 31.2, 548, 2010, 6205, 5519),
(3779, 'Voluptatem ut repudiandae', 'belorussian', 'Nesciunt ea laborum esse. Officia aliquid quisquam officia blanditiis mollitia doloribus magni. Enim neque delectus repellat. Excepturi eos quis in quis. Et voluptatem vel vel molestiae earum dolores eos.', 28.3, 2.9, 27.3, 350, 1976, 6205, 1334),
(5631, 'Sit rerum voluptates molestias', 'russian', 'Et dolor saepe. Nemo rerum beatae distinctio omnis nemo sunt est. Placeat sit minima dolores. Ducimus non aut deserunt ratione culpa autem ea. Vel omnis qui asperiores voluptas amet aut eligendi.', 17.9, 2.2, 25.3, 417, 1984, 5784, 5519),
(5626, 'Natus iusto voluptatem quasi', 'armenian', 'Similique voluptatem ab quia laborum et alias. Libero ad iste corporis quia aut dolorem quis. Quia quibusdam veritatis et velit harum in. Eos dolor rem.', 33.7, 1.7, 16.5, 581, 1983, 4953, 4889),
(5799, 'Officiis animi aut sunt', 'croatian', 'Sed beatae nihil est quidem quo. Rerum repudiandae aperiam est voluptatem quo et adipisci. Et et veniam. Sunt sed quis sunt exercitationem vel dolores.', 20.1, 2.4, 25.2, 502, 2001, 9679, 5755),
(2238, 'Eos libero a tenetur', 'farsi', 'Expedita voluptate porro amet et ea et. Doloremque ipsam voluptatem. Laborum earum ad omnis. Magni rerum sit.', 20.3, 1.9, 8.3, 330, 2012, 8414, 4889),
(7366, 'Repudiandae sed quae', 'english', 'Rerum aut et molestias sed. Consequatur vel id tenetur et et. Non facilis minima perferendis nisi mollitia vel repellat.', 17.9, 4.8, 23.1, 646, 1984, 3784, 6276),
(509, 'Porro est vel sint', 'portuguese', 'Fugiat unde aut eos dicta magni. Praesentium non eligendi cumque in ullam perferendis. Aut sit error ut. Aliquam consequatur consectetur. Omnis est exercitationem illum dolores.', 34.3, 2.1, 14.0, 967, 1979, 6539, 4889),
(3055, 'Sit iusto a', 'polish', 'Sit sint nam nisi et eum quibusdam. Possimus quia delectus ea est quia quisquam. Minima magnam qui architecto voluptas fugiat sint. Non est explicabo pariatur. Ut in et.', 30.8, 4.1, 6.8, 148, 2003, 4834, 4889),
(7319, 'Eligendi reiciendis repellat sequi', 'farsi', 'Deleniti vero non nihil nemo provident reprehenderit possimus. Incidunt optio fuga doloribus impedit a ducimus numquam. Culpa voluptatem hic architecto velit sint. Omnis in dolores ad. Tenetur voluptas voluptatibus ut minus aliquid tempora.', 27.8, 3.2, 23.3, 810, 1986, 8272, 5755),
(2004, 'Commodi cum rem', 'french', 'Voluptates quae quas sint. Dolor qui dolor sit id. Beatae beatae earum aut ut deleniti. Voluptas molestiae itaque minima voluptas. Autem non modi unde.', 22.0, 4.9, 6.6, 747, 1970, 5719, 2150),
(4323, 'Odit adipisci mollitia', 'chinese', 'Tempora cupiditate hic. Non repudiandae non. Incidunt qui facere ut ex nihil quo mollitia. Doloremque corporis aut eum cumque sequi aut dicta.', 10.5, 2.0, 26.9, 626, 1997, 8414, 3438),
(2440, 'Nobis ut iure rerum', 'german', 'Ut nesciunt consequatur voluptas sit perspiciatis aut. Reprehenderit dolorem dolores reiciendis. Et consectetur voluptatem. Quia atque dolorem tempore vitae soluta recusandae ipsam.', 33.9, 2.7, 25.1, 598, 2016, 1705, 1497),
(9176, 'Voluptatem qui eius quod', 'farsi', 'Eos repudiandae vel ex saepe possimus atque. Quo enim iusto. Quo nisi placeat repellendus eveniet.', 9.3, 3.5, 5.6, 543, 1998, 7457, 1989),
(2985, 'Qui repudiandae quia', 'chinese', 'Odio ex nihil est distinctio. Saepe consequatur et dolore sed. Commodi officia et dolorem excepturi quisquam et praesentium.', 8.2, 2.5, 27.9, 792, 1981, 9331, 3438),
(3810, 'In aut corporis', 'portuguese', 'Quibusdam excepturi tenetur eligendi voluptatum dignissimos. Qui non officia odit natus. Veniam possimus nesciunt laudantium placeat ad. Eum temporibus magnam. Beatae molestiae sint.', 13.1, 2.5, 27.5, 449, 2003, 5784, 9403),
(6807, 'Et commodi cumque', 'french', 'Quo omnis et voluptas odio molestiae rerum suscipit. Ea nulla expedita omnis nam vel. Enim numquam debitis illo reprehenderit doloremque. Nesciunt porro harum.', 10.0, 4.3, 32.6, 159, 2016, 861, 5519),
(2266, 'Totam nihil odit', 'arabic', 'Quos excepturi et sapiente nesciunt eum earum corrupti. Ullam corporis illo voluptas nostrum. Beatae rerum eveniet exercitationem aut aspernatur in consequatur. Et et et sed esse neque.', 13.9, 1.7, 13.8, 449, 1995, 6539, 1989),
(3562, 'Voluptatem molestias voluptatum', 'spanish', 'Totam nam nostrum et repudiandae et tempora deleniti. Nihil quo qui eos iusto aut. Nesciunt harum excepturi animi.', 25.5, 3.7, 14.6, 745, 1987, 9331, 1497),
(4023, 'Et iste nemo', 'belorussian', 'Aut molestiae voluptatem praesentium quibusdam eaque ipsam dolores. Libero molestiae quia ut minima velit. Aut quibusdam qui sit perferendis dignissimos soluta enim.', 20.7, 2.0, 10.4, 421, 2008, 4834, 5755),
(8337, 'Distinctio eos nihil animi', 'arabic', 'Nihil velit magnam excepturi totam eius ipsam animi. Ipsa repellat praesentium. Consequatur impedit cumque et.', 32.4, 3.6, 15.8, 560, 1970, 963, 6986),
(3605, 'Et illum non possimus', 'portuguese', 'Ipsam sit sit eius quia qui. Dignissimos iusto itaque. Minus rem unde qui distinctio. Veritatis ut vitae beatae amet dignissimos sapiente inventore. Nihil dicta quae quasi voluptas.', 18.9, 1.5, 5.7, 494, 1998, 1877, 6276),
(891, 'In voluptatibus vel', 'portuguese', 'Doloribus consequuntur eligendi libero qui odit vel dolores. Consequatur quasi eum in labore provident. Ut blanditiis labore natus adipisci. Sed et suscipit. Corporis velit a quos atque consequatur.', 5.8, 2.5, 21.6, 311, 2011, 8272, 3438),
(9021, 'Dolore consequatur eius', 'portuguese', 'Numquam ab enim odio sunt. Ut pariatur ipsa ipsum et. Qui inventore dolores sint libero.', 6.8, 2.1, 5.5, 805, 1978, 4860, 5519),
(2007, 'Enim aut nesciunt vel', 'farsi', 'Ut assumenda et fuga culpa eos expedita. Perferendis esse consequatur officia non. Eos et iusto corporis. Nihil quia maxime.', 19.8, 2.1, 12.3, 712, 1993, 6205, 1334),
(817, 'Velit quod temporibus nemo', 'russian', 'Aperiam dolor quia. Ut ea ad temporibus. Asperiores unde eaque. Consequatur deserunt eum minus dolor. Sed qui quaerat.', 26.0, 3.3, 34.4, 885, 1984, 3549, 9403),
(2199, 'Aut cupiditate quo', 'ukrainian', 'Voluptatem consectetur minima quam atque. Esse sunt quia sunt vitae. Laborum dolore labore commodi.', 22.3, 4.8, 32.4, 111, 1984, 9561, 5755),
(2918, 'Aut mollitia nihil', 'urdu', 'At aperiam sapiente nesciunt et ut ut quis. Nobis autem totam aspernatur qui suscipit quia. Est assumenda fuga. Vitae numquam optio distinctio veritatis aliquam quisquam. Consequuntur ut cupiditate quod et delectus.', 21.5, 2.9, 16.5, 890, 2001, 3756, 3438),
(639, 'Nihil non aut porro', 'armenian', 'Odio amet eligendi nobis veritatis. Rerum autem ad. Corrupti accusamus est nemo rerum ducimus.', 25.1, 4.0, 16.5, 14, 1973, 8053, 4889),
(1844, 'In quo dolorem', 'ukrainian', 'Pariatur sunt dolores quas perspiciatis. Veritatis numquam aut nihil. Quidem voluptas labore autem nemo. Voluptatibus delectus consequatur nam et rerum doloremque at.', 14.0, 1.9, 26.3, 571, 2016, 8053, 1334),
(9878, 'Nesciunt unde quasi rerum', 'english', 'Est aut eligendi sint. Ut perferendis eum. Praesentium inventore voluptas laboriosam quasi nam laboriosam.', 20.2, 1.8, 12.8, 532, 1983, 4860, 3438),
(8648, 'Animi aut neque', 'chinese', 'Ratione et ut saepe saepe illo. Non mollitia perferendis eos. Temporibus quo voluptate minus ratione expedita explicabo sit. Repudiandae illum quia possimus ducimus voluptas.', 28.4, 1.2, 17.8, 627, 1993, 368, 5755),
(8900, 'Recusandae iusto et', 'english', 'Voluptatem alias facere excepturi ea distinctio maiores. Fugiat maxime et sapiente temporibus odit consequatur et. Id et necessitatibus beatae consequatur deleniti nulla. At dicta accusantium qui assumenda nihil at.', 6.4, 2.1, 30.9, 397, 1981, 3284, 4889),
(815, 'Iste quia error', 'armenian', 'Nam quisquam tempora suscipit veniam. Est dolore sed dolores. Et necessitatibus optio natus. Culpa nesciunt fugiat voluptates et voluptatum corrupti. Quos consectetur et blanditiis libero reiciendis.', 23.8, 2.7, 7.8, 358, 2010, 8825, 7226),
(8728, 'Voluptas quaerat non', 'russian', 'Ipsa sit est. Id beatae cupiditate. Quisquam voluptatibus voluptatem sed eius nemo voluptates quibusdam. Ea in praesentium sed.', 29.3, 3.4, 30.0, 241, 1993, 1343, 1334),
(7092, 'Illum quas veniam reiciendis', 'croatian', 'Fugit aut ipsum. Quod ex cupiditate iure. Excepturi eveniet eligendi quidem.', 13.6, 1.3, 8.3, 356, 1987, 3549, 6276),
(7391, 'Aut molestias ut', 'french', 'Eius et similique. Consequatur aut id quia ut. Dicta amet voluptatibus enim totam odit illo. Quisquam voluptate tempora atque minima corrupti aut. Ipsum dolores exercitationem quaerat omnis.', 24.4, 4.4, 10.2, 693, 1988, 5719, 5519),
(9582, 'Est non quo', 'ukrainian', 'Non numquam odit esse velit reprehenderit modi. Officiis est iure. Quia a autem. Ratione et molestias voluptatum ab quam sunt dolores.', 5.1, 1.2, 31.9, 501, 2001, 5175, 2968),
(7160, 'Quo animi vitae', 'french', 'Provident earum distinctio voluptates nostrum aperiam quis ab. Illum nisi quod id quia cupiditate. Quam vero quia qui rerum ipsam dolore omnis. Odit voluptatem non est non laudantium repudiandae pariatur. Cum voluptatem est repellendus.', 27.7, 3.9, 8.9, 980, 1994, 1072, 6986),
(8649, 'Inventore excepturi rerum voluptas', 'armenian', 'Officia voluptas eligendi atque autem consectetur omnis doloribus. Ut culpa illo. Accusantium repellendus quo.', 14.5, 3.9, 8.8, 535, 2011, 5312, 1497),
(4728, 'Cum rerum ab', 'urdu', 'Saepe hic cumque sint. Sit autem corporis. Veritatis alias facere sint.', 33.3, 1.9, 33.9, 412, 2015, 3756, 4889),
(4990, 'Eos ex animi voluptatem', 'english', 'Non est dignissimos sed maiores totam. Amet deserunt placeat. Aut animi occaecati ab consequatur blanditiis harum. Aut facere nostrum modi qui corporis dignissimos in. Commodi et suscipit quam.', 33.9, 5.0, 14.4, 610, 2004, 9805, 6986),
(2018, 'Aperiam non quaerat', 'polish', 'Aut cumque sint nihil dolorem et occaecati. Consectetur neque est et aut quibusdam odit quas. Id et sunt ipsum et nostrum cumque.', 21.8, 4.5, 17.1, 795, 1999, 368, 5207),
(7147, 'Vitae dolor tempora vel', 'ukrainian', 'Nobis tempore sit reiciendis eos quia quos. Et voluptatum totam. Temporibus quis perspiciatis tempore ex repellendus officia nobis. Soluta eius sit similique dolorum est optio. Id vitae perferendis quo quis dolorum.', 6.6, 3.0, 13.5, 437, 1971, 9679, 3438),
(3516, 'Consequatur aut optio', 'german', 'Corrupti voluptatem aut dolores perferendis assumenda cumque. Voluptates velit voluptatibus. Incidunt aspernatur itaque et cupiditate. Perferendis ipsum consequuntur expedita autem earum.', 8.7, 3.5, 20.5, 701, 2015, 9331, 7226),
(8816, 'Eos nesciunt repellendus sed', 'armenian', 'Unde eos voluptatem provident voluptas. Aut illum alias sequi praesentium tempore magnam nisi. Minus ut reprehenderit repudiandae voluptas inventore totam. Ipsum repellat repellat dolor velit dolore. Quis ut a id quas beatae dolorum.', 30.6, 1.1, 17.1, 648, 1999, 5175, 6276),
(3588, 'Et non provident', 'polish', 'Quos sequi est dolor fuga sit dolorem. Et voluptas adipisci aliquam. A excepturi numquam. Sed qui quas dignissimos placeat mollitia voluptas at.', 25.2, 4.7, 25.7, 985, 1981, 8414, 1933),
(9060, 'Libero autem ipsam', 'chinese', 'Vero sequi quasi officia. Explicabo nihil laboriosam suscipit aliquid non minima. Eum laborum dolor odio possimus ut quae minus.', 34.1, 3.2, 15.3, 482, 1973, 9154, 6276),
(6681, 'Quasi est ut', 'armenian', 'Dolor laborum praesentium fugit cupiditate quis tenetur exercitationem. Qui nemo architecto accusantium quas rerum ut molestias. Nostrum aut perspiciatis veniam aut. Eum perspiciatis nihil deserunt quia et. Repellendus temporibus alias ducimus ullam qui sequi odit.', 31.4, 1.5, 24.3, 55, 2002, 861, 5207),
(1113, 'Sed quia odio quaerat', 'ukrainian', 'Neque distinctio atque quia. Impedit consequatur non dolorem rem itaque. Enim quos sint inventore.', 9.8, 4.7, 14.1, 772, 1970, 1179, 2968),
(5403, 'A saepe nulla sed', 'armenian', 'Vero ea suscipit accusantium aut aut ut tempore. Et labore architecto itaque. Molestias expedita voluptatem. Aliquid autem quia.', 31.7, 2.1, 25.2, 666, 2001, 693, 6986),
(2835, 'Voluptate nostrum alias', 'polish', 'Ut consectetur doloremque necessitatibus. Laboriosam occaecati omnis dolorem ullam. Sit nobis hic et sapiente. Nostrum non modi quidem. Et dignissimos amet at consequatur.', 20.9, 1.7, 22.9, 812, 1981, 1877, 1933),
(6971, 'Eos ipsam et officiis', 'russian', 'Nisi dolorem quod expedita iure. Et at odit consectetur qui est. Iste unde dolore aut et suscipit expedita neque. Ut aperiam beatae explicabo error.', 21.0, 3.6, 16.2, 709, 1975, 1179, 2150),
(4833, 'Id officia reprehenderit autem', 'german', 'Perferendis libero rerum sit nostrum. Distinctio qui illo. Sint quo accusantium. Itaque perferendis temporibus ipsum velit architecto quis nostrum.', 18.9, 3.9, 9.0, 638, 1996, 4953, 6276),
(1863, 'Et cumque ea', 'spanish', 'Fugiat modi fugiat ullam excepturi et commodi dolores. In cum iusto. Et quia ipsa in est voluptas velit ex. Doloremque est ratione placeat et culpa.', 20.1, 3.7, 8.5, 27, 2008, 6579, 2968),
(6067, 'In velit rem', 'polish', 'Quaerat similique ea nemo nihil doloremque minus. Fuga autem quidem laborum. Dolor deserunt quam molestiae similique. Molestiae maxime nisi. Voluptatem iste temporibus accusantium aliquam.', 31.1, 1.0, 7.0, 565, 2004, 4834, 4889),
(7881, 'Temporibus laborum pariatur', 'croatian', 'Itaque nemo omnis. Ut earum optio repellendus. Aut eligendi sequi qui omnis et adipisci maxime. Et non aut.', 20.1, 4.4, 33.6, 99, 1971, 3628, 1334),
(416, 'Dignissimos ab libero', 'spanish', 'Vel in dolorem ipsam magnam vel cupiditate. Dignissimos ut eum laudantium totam. Iste ratione possimus iure culpa ut itaque. Quo sit eum et consequatur.', 33.4, 4.6, 15.9, 840, 2018, 5784, 1989),
(2518, 'Doloremque molestiae aut ea', 'german', 'Suscipit occaecati aliquid dolore et ex hic. Omnis sapiente voluptatum sed quo consequatur. Et consequatur ea dicta repellat est. Beatae repellendus vitae magnam consectetur magnam provident. Quisquam officiis eaque id non recusandae.', 16.3, 3.4, 26.8, 350, 2013, 368, 4889),
(9880, 'Soluta et voluptas', 'portuguese', 'Non ab nemo enim aut. Eveniet autem dicta amet. Iure minima cum dignissimos commodi dolor occaecati.', 16.1, 3.5, 13.8, 798, 2007, 3756, 2150),
(9147, 'Laudantium quia molestiae', 'croatian', 'Soluta praesentium sint ut excepturi iusto rem eius. Sit sint enim ut omnis sequi suscipit nam. Impedit non consequatur ut ea. Repellat eum ea ratione alias aut. Maiores occaecati ea omnis quod voluptatem.', 7.7, 2.2, 23.7, 911, 1979, 3756, 4889),
(9480, 'Sit nostrum omnis', 'english', 'Aliquid minus numquam. Neque aperiam quas vel. Eum suscipit recusandae est.', 5.3, 3.4, 22.6, 18, 1979, 8457, 1497),
(3902, 'Quia sequi consequatur', 'farsi', 'Reiciendis non voluptatem dolores tempora qui et. Optio sit dolores. Et eius qui dignissimos eius. Quas beatae id.', 7.8, 5.0, 16.7, 743, 1983, 4953, 1497),
(9385, 'Deserunt quidem illo', 'german', 'Repellendus et error. Tempora ipsa eius sed ipsam enim beatae sint. Voluptas officiis officiis deserunt.', 9.7, 2.3, 10.2, 439, 1974, 4860, 1497),
(410, 'Modi provident aliquid', 'arabic', 'Cum dolorem non quia harum. Dolores officia nihil accusamus iusto. In architecto veritatis dolorum autem quo. Distinctio similique debitis nesciunt sunt corporis.', 31.9, 1.9, 11.3, 452, 2012, 3549, 7226),
(7229, 'Dolorem dolorem nostrum', 'russian', 'Doloremque molestiae velit sapiente nihil. Voluptatem corporis consequatur saepe libero voluptates libero. Maxime dolores autem omnis non aut eius molestias.', 13.9, 3.5, 29.4, 430, 1998, 1072, 5207),
(302, 'Quos eos dicta maiores', 'portuguese', 'Sequi et eligendi aspernatur ex in et. Ut dicta dolorum est ab. Consectetur vel debitis.', 29.1, 1.6, 18.8, 127, 1993, 6640, 1497),
(7333, 'Et voluptatem quae', 'polish', 'Dolorem harum cupiditate. Id accusamus debitis. Eligendi odio minima deserunt nihil reiciendis praesentium velit. Blanditiis temporibus possimus molestias impedit facere deleniti et. At consectetur placeat veritatis laboriosam et.', 31.6, 4.9, 14.3, 189, 1971, 1179, 5207),
(7849, 'Quia voluptatem at', 'croatian', 'Molestiae molestiae consequuntur aut qui deleniti. Id optio molestiae repellendus asperiores expedita. Eum vel soluta ducimus non autem quo. Explicabo nesciunt possimus reprehenderit ex asperiores vitae. Doloribus officia eius magnam.', 20.7, 1.8, 12.3, 214, 2017, 1705, 3438),
(1283, 'Dolorem itaque omnis', 'belorussian', 'Quibusdam eum vel maiores est. Et laborum et ut est neque. Minima quis in illum hic nobis.', 16.1, 4.8, 9.5, 962, 2014, 3784, 5755),
(5597, 'Non dignissimos dignissimos non', 'french', 'Aut et sit aut. Sint ipsam qui neque non. Animi ut modi veritatis molestiae labore. Et inventore minus necessitatibus id eos iste facilis. Eum cumque autem itaque nihil.', 26.9, 3.4, 8.3, 759, 1996, 8457, 1497),
(1791, 'Est suscipit distinctio', 'portuguese', 'Error ea vitae sit omnis enim. Numquam necessitatibus eius iusto nulla et quod. Qui provident fugiat id occaecati. Est quas est corrupti. Iure suscipit temporibus unde nulla voluptates cum sint.', 30.7, 2.2, 20.0, 622, 1977, 1343, 5519),
(3546, 'Molestias vel et', 'urdu', 'Mollitia deserunt ex dicta placeat animi corporis exercitationem. Architecto accusamus nihil quo. Quam tenetur laborum officia quia libero ut.', 15.4, 1.7, 14.2, 400, 2004, 1179, 5207),
(6985, 'Iure enim ratione explicabo', 'russian', 'Ad harum atque sed ea. Animi necessitatibus accusantium. Sed voluptatum similique. Blanditiis mollitia quo error. Dolorem at exercitationem ex.', 31.1, 2.3, 15.9, 971, 1989, 6640, 7226),
(4024, 'Sit ipsum eos ipsam', 'ukrainian', 'Beatae praesentium id velit eum quo. Tenetur quia qui officiis soluta enim facilis sequi. Modi maxime et enim.', 22.5, 1.9, 14.4, 665, 2001, 3284, 5207),
(3092, 'Dicta et eos qui', 'french', 'Dolores praesentium nihil ipsam ut illum dicta exercitationem. Laborum laborum corporis esse. Voluptas doloremque sint eum veritatis qui magni. Quo tenetur beatae provident voluptas.', 8.2, 3.4, 5.2, 470, 2016, 1343, 1334),
(9209, 'Aliquid inventore quam', 'farsi', 'Ipsam corporis amet. Cum in perferendis et deleniti. Qui ex eveniet voluptate accusamus rem sequi inventore.', 19.9, 2.0, 24.9, 117, 1987, 963, 7226),
(3949, 'Modi labore laborum', 'chinese', 'Aut amet beatae. Delectus veritatis ullam accusamus omnis. Accusamus dolores vitae aut eos explicabo. Soluta aut ipsum debitis. Unde sed totam pariatur minima enim dolor.', 12.4, 3.8, 19.9, 799, 1987, 8053, 1497),
(1823, 'Voluptatem voluptates dolorum', 'spanish', 'Cupiditate qui sed fugit. Sed omnis impedit consequatur aliquid. Et odit eveniet molestias voluptas dolorem ipsum.', 5.8, 1.2, 21.7, 976, 1978, 3023, 6276),
(1156, 'Natus nemo autem', 'ukrainian', 'Doloribus nostrum voluptate pariatur non voluptatem sunt accusamus. Et in rerum. Nulla minima nihil maxime occaecati. Neque possimus voluptatem dolores ut.', 25.8, 3.0, 7.8, 659, 2016, 963, 1334),
(4876, 'Eos quia natus', 'russian', 'Autem aut facere cupiditate consequatur non quam. Vitae a nostrum qui voluptas eum pariatur quam. Voluptatem nesciunt hic id ullam magni quia.', 18.3, 4.7, 28.5, 243, 1991, 5175, 2968),
(6939, 'Ad aut facilis ipsum', 'arabic', 'Iure esse nisi ipsa dolores placeat. Dolorem magni explicabo id laudantium quia est. Alias quae perspiciatis laboriosam veniam qui. Aut non voluptatibus amet. Corporis corporis cupiditate.', 14.8, 2.3, 24.7, 466, 1982, 9331, 5519),
(5089, 'Iure saepe assumenda', 'russian', 'Et voluptates debitis sunt voluptas eum. Non ipsum inventore sit numquam. Et modi assumenda qui. Laboriosam exercitationem reprehenderit nam possimus rerum velit. Omnis et ut quo ullam blanditiis error.', 17.2, 4.7, 32.8, 541, 1974, 7457, 5755),
(5063, 'Dolor sapiente vel exercitationem', 'portuguese', 'Ut debitis omnis voluptate ut tempora totam. Nemo exercitationem asperiores qui corporis sapiente. Rerum blanditiis ea consequuntur nesciunt ipsum. Quia enim voluptatem dolorem. Ea aperiam facere tenetur.', 30.7, 4.6, 30.0, 299, 1988, 6539, 6986),
(3791, 'Voluptatem recusandae doloribus amet', 'portuguese', 'Dignissimos consequuntur reiciendis. Vero pariatur rem. Fuga dolorum fugit sed alias officia. Quo ut dolorem mollitia beatae harum.', 11.8, 4.1, 32.1, 705, 1970, 1286, 4889),
(6912, 'Necessitatibus fugit pariatur ut', 'farsi', 'Numquam et aut aliquid necessitatibus est qui. Quo fugit aut fugiat. Dolorem molestiae et ipsa. Praesentium aspernatur rerum et et quibusdam.', 15.2, 2.8, 6.5, 527, 1992, 6205, 3438),
(4240, 'Voluptas facilis deserunt', 'spanish', 'A consectetur eaque tempore nostrum rem ipsa. Sint atque adipisci modi autem expedita. Odio asperiores sed. Officia id voluptatem provident.', 16.7, 2.9, 22.8, 270, 2014, 3023, 5519),
(1639, 'Minima perferendis hic', 'spanish', 'Quo rerum omnis vitae consequuntur quis. Eligendi veritatis eaque ad dicta. Est eos maiores.', 30.5, 3.6, 15.8, 52, 1985, 1179, 5207),
(8999, 'Id et provident', 'armenian', 'Nesciunt molestias aliquam nemo commodi distinctio praesentium. Earum modi et. Assumenda voluptas corrupti eos architecto.', 6.7, 1.6, 7.6, 152, 1985, 1705, 3438),
(1051, 'Delectus fugit tenetur ullam', 'spanish', 'Expedita et veniam omnis. Et nisi excepturi vel quia impedit et nulla. Maiores natus dolorum. Culpa unde provident sed et voluptas assumenda accusantium. Porro repellendus expedita rerum recusandae sit sit commodi.', 23.7, 2.8, 14.0, 29, 1990, 9679, 1989),
(553, 'Ratione sint velit', 'belorussian', 'Fuga blanditiis repudiandae commodi omnis. Saepe consectetur nobis veniam voluptatem. Et iure quis eum dolorem. Et culpa sed modi dolores voluptas.', 9.6, 3.1, 18.9, 939, 2004, 8457, 1933),
(6991, 'Voluptatem eos eos', 'ukrainian', 'Ab aperiam alias veritatis nulla molestias cumque fugit. Numquam saepe non rerum dolorem et. Omnis distinctio nobis natus facere amet voluptatem aliquid. Molestias non deserunt deserunt.', 19.7, 2.2, 12.7, 113, 1971, 8272, 9403),
(1924, 'Tempore magnam eos saepe', 'belorussian', 'Id voluptas praesentium nihil ea repudiandae. Doloribus qui alias voluptatem deserunt qui qui amet. Porro dolorem similique tempore quae esse ab corrupti.', 19.4, 1.5, 28.7, 297, 2012, 1877, 6276),
(2571, 'Provident deserunt ab aut', 'farsi', 'Totam laboriosam quasi nihil. Dignissimos aut sunt est. Aut omnis rerum animi quisquam. Neque ipsam omnis qui sunt nulla. Voluptate laudantium aliquam.', 9.1, 4.6, 26.4, 868, 1995, 5280, 1497),
(748, 'Ratione est dolor natus', 'german', 'Dolor unde mollitia nihil. Nobis sit reiciendis neque culpa. Voluptatem saepe corporis et aspernatur quis qui.', 31.7, 2.3, 16.2, 820, 1989, 4519, 7226),
(5177, 'Dolorem adipisci quo voluptatibus', 'croatian', 'Assumenda officia sequi hic qui. Veritatis et est laborum eveniet sunt. Aut perspiciatis in veritatis aspernatur architecto doloribus iusto. Voluptatem harum sit hic. Ut cum rerum consequuntur.', 34.2, 4.9, 8.5, 294, 1972, 9154, 1989),
(7603, 'Voluptatum earum ex illo', 'german', 'Ab modi accusantium sint. Nihil harum voluptate ab. Consectetur animi velit dolorem non quia repudiandae. Omnis tenetur ullam aut. Consequatur expedita sed et ullam.', 16.1, 3.6, 14.9, 351, 1992, 9154, 5755),
(8287, 'Voluptas ut et ut', 'croatian', 'Aliquam molestias fugit placeat nobis et ipsum magni. Ut voluptatibus possimus iste. Ipsum autem id maiores et. Delectus eum hic natus aut nihil. Culpa nostrum dolorem illo rerum est recusandae.', 29.2, 2.4, 16.4, 596, 2012, 4953, 5755),
(118, 'Placeat sequi et natus', 'russian', 'Ut sunt et et et dolorem vel quas. Totam molestiae vel sit commodi esse. Et aut adipisci similique rem laborum ab. Tenetur aut ad.', 16.0, 4.9, 14.5, 677, 2015, 3784, 1933),
(1521, 'Occaecati ut nihil officiis', 'german', 'Animi ducimus dolorum. Enim et non laboriosam voluptatem sit optio. Autem excepturi consequatur ducimus iure laudantium doloremque. Consectetur velit eos iure.', 29.3, 3.2, 25.2, 216, 1970, 4860, 9403),
(8265, 'Aut inventore qui', 'french', 'Illo dolore pariatur eos architecto. Facere libero autem voluptas a ut. Sunt consequuntur est quisquam sit magni perspiciatis consequatur.', 8.6, 1.4, 10.2, 224, 1984, 8272, 5207),
(4032, 'Ipsa harum sapiente', 'urdu', 'Recusandae dicta optio quasi voluptatum vel. Laboriosam commodi soluta reprehenderit quia. Eligendi maiores maiores hic ut officia nobis.', 17.7, 1.4, 32.9, 113, 2007, 5719, 5755),
(242, 'Qui provident ea dolore', 'russian', 'Eos quia porro veniam. Doloremque magnam nisi consequatur quis consequatur. Corporis tempore quod dolorem.', 27.4, 4.7, 27.4, 176, 1999, 2416, 6276),
(4592, 'Repudiandae aut consequatur', 'chinese', 'Aut dolore nihil minima. Sed iste inventore ea voluptatum magnam ea. Fugit dolor inventore. Aperiam temporibus ut ut odit occaecati.', 9.1, 1.5, 29.5, 22, 1973, 4860, 6276),
(754, 'Et optio voluptatum', 'croatian', 'Dolores tempora quasi dolorem impedit doloremque. Ut soluta excepturi laboriosam omnis. Repudiandae voluptas sit.', 14.8, 3.1, 5.8, 331, 2005, 6640, 1933),
(562, 'Sit ea porro et', 'german', 'Sunt odit suscipit nobis debitis debitis perspiciatis aut. Voluptas provident aut quisquam. Et quibusdam voluptatibus et et architecto eius et. Ea sint voluptatem culpa velit est aliquid aspernatur. Iusto nulla sit ut omnis ea a non.', 19.2, 2.6, 31.6, 815, 2013, 3023, 2968),
(6638, 'Aut nihil dignissimos qui', 'french', 'Autem eum maiores rerum et minus recusandae ex. Nihil dolor odit non tenetur eos doloremque. Voluptatum est doloremque qui.', 31.3, 2.6, 31.3, 60, 1973, 3284, 6276),
(249, 'Est quo veniam', 'arabic', 'Modi eum reprehenderit rem corporis omnis hic ipsa. Voluptas non fugiat iste dignissimos doloremque. Sint vero enim.', 14.4, 3.3, 17.9, 317, 1977, 9154, 6276),
(5065, 'Ut soluta a', 'english', 'Ut laboriosam aut quia. Ut ut harum. Tempore expedita enim doloribus aliquam animi. Enim facere deserunt sunt fuga qui aliquid maxime.', 13.0, 3.2, 16.8, 388, 2001, 979, 1933),
(6627, 'Qui hic non quo', 'croatian', 'Vel quaerat amet aliquam vel. Sunt impedit cumque quos. Eum qui quo ea mollitia sunt necessitatibus.', 33.6, 1.0, 23.7, 522, 1972, 8457, 1334),
(9278, 'Et accusantium dolorem et', 'urdu', 'Eius eos enim rerum non vel. Consequatur iusto sunt impedit esse. Ipsam dolorem architecto reiciendis rerum aspernatur similique dicta. In odit fugit. Et iure explicabo quia.', 15.7, 4.6, 25.3, 147, 1998, 3549, 7226),
(1866, 'Quos quis est', 'portuguese', 'Non quo dolorem aut. Ut aut explicabo id est quia sequi dolorum. Est pariatur dolore eos.', 8.7, 4.0, 22.2, 11, 1977, 3023, 2968),
(3081, 'Similique iure rerum', 'croatian', 'Cupiditate corrupti et magni cumque dolores vero id. Et impedit sequi praesentium dignissimos libero voluptatem ut. Doloremque vel ea.', 25.1, 1.5, 27.0, 283, 1991, 9154, 2968),
(6009, 'Soluta sint dolorum', 'farsi', 'Porro nobis exercitationem et dolorem possimus autem. Est sed consequatur inventore necessitatibus. Dolorem accusamus rerum. Ut magnam qui porro et. Vero voluptatem facere.', 33.3, 1.1, 25.7, 68, 2009, 1705, 4889),
(6307, 'Aut molestiae commodi', 'armenian', 'Repellendus odio qui porro. Quas fuga placeat inventore est ut. Qui sunt sit quia aliquid rem et.', 22.4, 4.8, 15.4, 191, 1998, 3284, 6986),
(1492, 'Esse officia cumque', 'spanish', 'Occaecati aliquid alias culpa voluptates soluta expedita error. Quia dolorem sint id velit. Voluptas omnis velit ab. Est quo enim quia ea quia consequuntur.', 31.8, 1.5, 28.4, 863, 2005, 1258, 1989),
(4594, 'Ut corrupti id mollitia', 'ukrainian', 'Nihil sit mollitia odit aut. Occaecati quod atque corrupti mollitia ullam fuga. Voluptatum sunt sit. Quos est doloremque iure libero repudiandae sit sed.', 7.5, 3.4, 31.0, 784, 1990, 4954, 6276),
(9584, 'Nulla eos dolores voluptatem', 'english', 'Voluptatem pariatur odit et. Itaque quibusdam aut sit quisquam eaque neque consectetur. Tenetur eaque ut qui. Sed dolor atque nam provident.', 23.3, 3.9, 27.7, 246, 1986, 1072, 1334),
(8335, 'Inventore quaerat tempore', 'ukrainian', 'Ab velit libero. Et vel tempora repellat et est hic aut. Recusandae quia aut. Explicabo rem ut libero neque.', 9.1, 4.4, 31.6, 266, 2014, 979, 1334),
(8913, 'Sapiente et fugiat', 'urdu', 'Et qui fugit totam. Dolorem aspernatur et et molestiae. Debitis doloribus assumenda nihil ea neque. Magnam maiores nesciunt.', 11.7, 4.8, 19.0, 971, 1998, 861, 5207),
(7084, 'Quidem ratione labore quas', 'spanish', 'Omnis debitis officia necessitatibus architecto facilis quo. Ducimus alias dolorum. Incidunt porro vero sunt magnam incidunt. Ab qui totam laborum suscipit cum est unde.', 21.3, 4.8, 22.8, 367, 1991, 5525, 4889),
(8441, 'Et aut illum', 'urdu', 'Voluptatem reiciendis optio numquam labore et ducimus dolorem. Facilis voluptatem voluptatem voluptatum officiis. Tenetur saepe reprehenderit molestiae. Dolores animi hic sit vitae omnis.', 17.0, 4.7, 32.0, 975, 2010, 5280, 2150),
(3219, 'Officiis non quia', 'croatian', 'Aut et laudantium. Voluptates molestiae culpa at harum quia velit id. Reprehenderit quod hic qui fugit.', 23.1, 1.3, 7.7, 811, 2011, 6579, 1497),
(592, 'Possimus laudantium praesentium', 'russian', 'Veniam et necessitatibus ducimus eius dolorem error. Quisquam eos perferendis ducimus ea eligendi. Sapiente dolores beatae dolor.', 30.5, 3.5, 33.1, 450, 2010, 4519, 7226),
(386, 'Et ea cupiditate rerum', 'chinese', 'Provident aperiam sed sit saepe est voluptatem. Ipsa odio ut. Deserunt error dolor magni voluptas sunt earum error.', 8.7, 3.2, 6.3, 445, 1997, 1258, 2968),
(2492, 'Cum aspernatur quo officia', 'farsi', 'Minus ducimus quo corporis exercitationem. Dolores iste cupiditate sint maiores eligendi libero. Aliquid qui debitis non.', 28.4, 4.2, 33.9, 821, 2001, 2416, 5519),
(4206, 'Dolore adipisci dignissimos', 'chinese', 'Quia totam quae corrupti repellendus debitis reiciendis. Aliquam repellendus magnam dolores nostrum et nulla. Ut eius voluptatibus illo nemo corporis laboriosam et. Et labore laudantium facilis autem. Consequatur inventore suscipit fugit et enim enim.', 19.7, 3.6, 10.1, 179, 2012, 4519, 9403),
(5117, 'Unde in minima', 'french', 'Impedit quisquam soluta distinctio quia iure. In voluptatem corrupti maiores praesentium omnis. Et eum qui debitis voluptatem assumenda. Eveniet fuga accusamus dolore libero.', 16.9, 2.8, 33.2, 227, 1970, 4860, 1989),
(1997, 'Voluptates fugit reprehenderit', 'farsi', 'Officiis voluptatem asperiores est cum. Doloremque animi omnis tempora soluta nihil aut. Suscipit nesciunt optio blanditiis facere. Et neque ea reprehenderit omnis. Et enim ipsa reprehenderit velit quia voluptas.', 28.9, 3.9, 13.8, 153, 2009, 8272, 9403),
(874, 'Repellendus facere hic deserunt', 'ukrainian', 'Voluptate enim et accusamus eaque sapiente. Culpa ut est. Ea quia officia consequatur fugit est est exercitationem. Et in et sint atque placeat officia.', 6.3, 4.5, 7.9, 537, 2014, 1258, 1933),
(3173, 'Voluptatem dolorem perferendis', 'chinese', 'Dolor saepe maiores in esse quia consequatur. Omnis dolorem consectetur eos. Consequuntur possimus a consequuntur excepturi et adipisci.', 8.3, 3.4, 16.3, 276, 2002, 5752, 6986),
(105, 'Et voluptatum est maiores', 'english', 'Commodi omnis eum unde. Sed ea sed laboriosam laborum. Necessitatibus vitae maxime doloribus consequatur dolor. Labore eum molestiae sed pariatur sint.', 27.8, 4.3, 24.5, 289, 2018, 8414, 1989),
(5264, 'Iusto ut unde', 'armenian', 'Nemo impedit ad a est deleniti nostrum nobis. Illo quae voluptatum. Est et ratione omnis dolorem exercitationem. Qui aliquam suscipit veniam aut.', 30.5, 4.6, 6.9, 812, 1999, 4504, 3438),
(87, 'Vero est est', 'russian', 'Ducimus a dolorem facilis. Est aliquid at aliquam qui id maxime. Sed placeat quia quis.', 17.3, 2.4, 30.4, 149, 1993, 4954, 2150),
(5573, 'Illum dolorem libero', 'urdu', 'Corrupti repudiandae dolore consectetur fugit et. Ea repudiandae animi sit. Qui consectetur omnis libero odit neque. Deserunt tenetur perferendis commodi minima.', 33.8, 4.7, 23.1, 418, 2001, 5525, 5755),
(2759, 'Voluptate culpa harum omnis', 'german', 'Dolores itaque at aut est quia excepturi sequi. Pariatur sed consequatur numquam. Tempore sit incidunt cum omnis reiciendis non et. Velit iusto et. Dolores tempore aliquam molestias et impedit minima et.', 21.7, 1.5, 30.5, 84, 2011, 861, 1497),
(2502, 'Omnis atque hic', 'french', 'Ea et veritatis mollitia. Quisquam omnis fuga est placeat eaque sunt voluptates. Ratione velit quis porro unde nisi nihil. Quas eum quia id totam.', 30.8, 4.7, 33.4, 692, 2001, 8272, 2150),
(5114, 'Asperiores vero necessitatibus', 'belorussian', 'Maxime eum aspernatur omnis amet quis. Natus quia accusantium aliquid iusto in. Aut omnis sapiente quidem aspernatur eum dolorem. Numquam dolor est.', 16.4, 3.7, 20.2, 490, 1983, 3284, 1497),
(1479, 'Sed ipsam doloribus illo', 'arabic', 'Ex omnis et. Est blanditiis cupiditate temporibus aut quaerat iure. Nihil voluptate provident natus voluptates tenetur et animi. Eum molestias magni deserunt odio.', 23.5, 1.0, 12.4, 236, 1977, 1689, 2968);
